journal,candidate_count,earliest_year,latest_year,metric_name,metric_value,metric_year,metric_source,verified_at,status
Stem cell research,47,2025,2026,JIF,,,,,pending_licensed_jcr_lookup
International journal of molecular sciences,38,2025,2026,JIF,,,,,pending_licensed_jcr_lookup
Nature communications,22,2025,2026,JIF,,,,,pending_licensed_jcr_lookup
Scientific reports,22,2025,2026,JIF,,,,,pending_licensed_jcr_lookup
Frontiers in immunology,19,2025,2026,JIF,,,,,pending_licensed_jcr_lookup
Cells,18,2025,2026,JIF,,,,,pending_licensed_jcr_lookup
"Advanced science (Weinheim, Baden-Wurttemberg, Germany)",17,2024,2026,JIF,,,,,pending_licensed_jcr_lookup
iScience,16,2025,2026,JIF,,,,,pending_licensed_jcr_lookup
International immunopharmacology,12,2025,2026,JIF,,,,,pending_licensed_jcr_lookup
Science advances,12,2025,2026,JIF,,,,,pending_licensed_jcr_lookup
Experimental cell research,10,2026,2026,JIF,,,,,pending_licensed_jcr_lookup
Journal of translational medicine,10,2025,2026,JIF,,,,,pending_licensed_jcr_lookup
Cell death & disease,9,2025,2026,JIF,,,,,pending_licensed_jcr_lookup
Biochemical and biophysical research communications,8,2026,2026,JIF,,,,,pending_licensed_jcr_lookup
Biomaterials,8,2026,2026,JIF,,,,,pending_licensed_jcr_lookup
Cellular and molecular life sciences : CMLS,8,2025,2026,JIF,,,,,pending_licensed_jcr_lookup
Frontiers in oncology,8,2025,2026,JIF,,,,,pending_licensed_jcr_lookup
Life sciences,8,2026,2026,JIF,,,,,pending_licensed_jcr_lookup
PloS one,8,2026,2026,JIF,,,,,pending_licensed_jcr_lookup
Stem cell reports,8,2026,2026,JIF,,,,,pending_licensed_jcr_lookup
The Journal of physiology,8,2025,2026,JIF,,,,,pending_licensed_jcr_lookup
Biochemical pharmacology,7,2026,2026,JIF,,,,,pending_licensed_jcr_lookup
Biomaterials science,7,2026,2026,JIF,,,,,pending_licensed_jcr_lookup
FASEB journal : official publication of the Federation of American Societies for Experimental Biology,7,2026,2026,JIF,,,,,pending_licensed_jcr_lookup
International journal of biological macromolecules,7,2026,2026,JIF,,,,,pending_licensed_jcr_lookup
Investigative ophthalmology & visual science,7,2025,2026,JIF,,,,,pending_licensed_jcr_lookup
Molecular biology reports,7,2025,2026,JIF,,,,,pending_licensed_jcr_lookup
Proceedings of the National Academy of Sciences of the United States of America,7,2025,2026,JIF,,,,,pending_licensed_jcr_lookup
Biomedicine & pharmacotherapy = Biomedecine & pharmacotherapie,6,2025,2026,JIF,,,,,pending_licensed_jcr_lookup
Cancer letters,6,2026,2026,JIF,,,,,pending_licensed_jcr_lookup
Cancer research,6,2025,2026,JIF,,,,,pending_licensed_jcr_lookup
Cell communication and signaling : CCS,6,2026,2026,JIF,,,,,pending_licensed_jcr_lookup
Cellular signalling,6,2026,2026,JIF,,,,,pending_licensed_jcr_lookup
Communications biology,6,2025,2026,JIF,,,,,pending_licensed_jcr_lookup
Discover oncology,6,2026,2026,JIF,,,,,pending_licensed_jcr_lookup
Glia,6,2026,2026,JIF,,,,,pending_licensed_jcr_lookup
International journal of biological sciences,6,2026,2026,JIF,,,,,pending_licensed_jcr_lookup
JCI insight,6,2026,2026,JIF,,,,,pending_licensed_jcr_lookup
Oncogene,6,2025,2026,JIF,,,,,pending_licensed_jcr_lookup
Phytomedicine : international journal of phytotherapy and phytopharmacology,6,2026,2026,JIF,,,,,pending_licensed_jcr_lookup
Stem cell reviews and reports,6,2026,2026,JIF,,,,,pending_licensed_jcr_lookup
"Stem cells (Dayton, Ohio)",6,2025,2026,JIF,,,,,pending_licensed_jcr_lookup
Advanced healthcare materials,5,2025,2026,JIF,,,,,pending_licensed_jcr_lookup
"Arteriosclerosis, thrombosis, and vascular biology",5,2026,2026,JIF,,,,,pending_licensed_jcr_lookup
Biochimica et biophysica acta. Molecular basis of disease,5,2026,2026,JIF,,,,,pending_licensed_jcr_lookup
Biomedicines,5,2026,2026,JIF,,,,,pending_licensed_jcr_lookup
Chemico-biological interactions,5,2026,2026,JIF,,,,,pending_licensed_jcr_lookup
EMBO reports,5,2026,2026,JIF,,,,,pending_licensed_jcr_lookup
Experimental eye research,5,2026,2026,JIF,,,,,pending_licensed_jcr_lookup
Frontiers in cell and developmental biology,5,2025,2026,JIF,,,,,pending_licensed_jcr_lookup
Frontiers in pharmacology,5,2026,2026,JIF,,,,,pending_licensed_jcr_lookup
Journal of ethnopharmacology,5,2026,2026,JIF,,,,,pending_licensed_jcr_lookup
MedComm,5,2026,2026,JIF,,,,,pending_licensed_jcr_lookup
STAR protocols,5,2025,2026,JIF,,,,,pending_licensed_jcr_lookup
The Journal of biological chemistry,5,2026,2026,JIF,,,,,pending_licensed_jcr_lookup
ACS applied materials & interfaces,4,2025,2026,JIF,,,,,pending_licensed_jcr_lookup
Angiogenesis,4,2025,2026,JIF,,,,,pending_licensed_jcr_lookup
Biochimica et biophysica acta. Molecular cell research,4,2025,2026,JIF,,,,,pending_licensed_jcr_lookup
Biofabrication,4,2026,2026,JIF,,,,,pending_licensed_jcr_lookup
Biology of reproduction,4,2025,2026,JIF,,,,,pending_licensed_jcr_lookup
Biomolecules,4,2025,2026,JIF,,,,,pending_licensed_jcr_lookup
Cardiovascular research,4,2025,2026,JIF,,,,,pending_licensed_jcr_lookup
Cell death discovery,4,2025,2026,JIF,,,,,pending_licensed_jcr_lookup
Cell reports,4,2026,2026,JIF,,,,,pending_licensed_jcr_lookup
"Clinical science (London, England : 1979)",4,2026,2026,JIF,,,,,pending_licensed_jcr_lookup
Current neuropharmacology,4,2026,2026,JIF,,,,,pending_licensed_jcr_lookup
Ecotoxicology and environmental safety,4,2026,2026,JIF,,,,,pending_licensed_jcr_lookup
European journal of pharmacology,4,2026,2026,JIF,,,,,pending_licensed_jcr_lookup
Handbook of experimental pharmacology,4,2026,2026,JIF,,,,,pending_licensed_jcr_lookup
Inflammation,4,2026,2026,JIF,,,,,pending_licensed_jcr_lookup
"Journal of applied physiology (Bethesda, Md. : 1985)",4,2026,2026,JIF,,,,,pending_licensed_jcr_lookup
Journal of neuroinflammation,4,2026,2026,JIF,,,,,pending_licensed_jcr_lookup
Molecular cancer,4,2026,2026,JIF,,,,,pending_licensed_jcr_lookup
Molecular immunology,4,2026,2026,JIF,,,,,pending_licensed_jcr_lookup
Stem cell research & therapy,4,2026,2026,JIF,,,,,pending_licensed_jcr_lookup
eLife,4,2025,2026,JIF,,,,,pending_licensed_jcr_lookup
"Advanced materials (Deerfield Beach, Fla.)",3,2026,2026,JIF,,,,,pending_licensed_jcr_lookup
American journal of physiology. Lung cellular and molecular physiology,3,2025,2026,JIF,,,,,pending_licensed_jcr_lookup
Anticancer research,3,2026,2026,JIF,,,,,pending_licensed_jcr_lookup
"Antioxidants (Basel, Switzerland)",3,2025,2026,JIF,,,,,pending_licensed_jcr_lookup
Apoptosis : an international journal on programmed cell death,3,2026,2026,JIF,,,,,pending_licensed_jcr_lookup
Bio-protocol,3,2025,2026,JIF,,,,,pending_licensed_jcr_lookup
"Bioengineering (Basel, Switzerland)",3,2026,2026,JIF,,,,,pending_licensed_jcr_lookup
"Biomedical materials (Bristol, England)",3,2026,2026,JIF,,,,,pending_licensed_jcr_lookup
Biosensors & bioelectronics,3,2025,2026,JIF,,,,,pending_licensed_jcr_lookup
Blood,3,2026,2026,JIF,,,,,pending_licensed_jcr_lookup
Brain : a journal of neurology,3,2025,2026,JIF,,,,,pending_licensed_jcr_lookup
Cell biochemistry and function,3,2026,2026,JIF,,,,,pending_licensed_jcr_lookup
Cellular & molecular biology letters,3,2025,2026,JIF,,,,,pending_licensed_jcr_lookup
Current medicinal chemistry,3,2026,2026,JIF,,,,,pending_licensed_jcr_lookup
International journal of medical sciences,3,2026,2026,JIF,,,,,pending_licensed_jcr_lookup
Journal of Alzheimer's disease : JAD,3,2026,2026,JIF,,,,,pending_licensed_jcr_lookup
Journal of cardiothoracic surgery,3,2026,2026,JIF,,,,,pending_licensed_jcr_lookup
Journal of cerebral blood flow and metabolism : official journal of the International Society of Cerebral Blood Flow and Metabolism,3,2026,2026,JIF,,,,,pending_licensed_jcr_lookup
Journal of neurochemistry,3,2025,2026,JIF,,,,,pending_licensed_jcr_lookup
Journal of the mechanical behavior of biomedical materials,3,2026,2026,JIF,,,,,pending_licensed_jcr_lookup
"Methods in molecular biology (Clifton, N.J.)",3,2026,2026,JIF,,,,,pending_licensed_jcr_lookup
Molecular medicine reports,3,2026,2026,JIF,,,,,pending_licensed_jcr_lookup
Molecular neurobiology,3,2026,2026,JIF,,,,,pending_licensed_jcr_lookup
Neuron,3,2025,2026,JIF,,,,,pending_licensed_jcr_lookup
"Pathology, research and practice",3,2026,2026,JIF,,,,,pending_licensed_jcr_lookup
Pflugers Archiv : European journal of physiology,3,2026,2026,JIF,,,,,pending_licensed_jcr_lookup
Redox biology,3,2025,2026,JIF,,,,,pending_licensed_jcr_lookup
Signal transduction and targeted therapy,3,2026,2026,JIF,,,,,pending_licensed_jcr_lookup
"Small (Weinheim an der Bergstrasse, Germany)",3,2026,2026,JIF,,,,,pending_licensed_jcr_lookup
The Journal of general physiology,3,2025,2026,JIF,,,,,pending_licensed_jcr_lookup
Translational oncology,3,2026,2026,JIF,,,,,pending_licensed_jcr_lookup
Translational research : the journal of laboratory and clinical medicine,3,2026,2026,JIF,,,,,pending_licensed_jcr_lookup
ACS biomaterials science & engineering,2,2026,2026,JIF,,,,,pending_licensed_jcr_lookup
Advances in neurobiology,2,2025,2026,JIF,,,,,pending_licensed_jcr_lookup
Aging cell,2,2026,2026,JIF,,,,,pending_licensed_jcr_lookup
American journal of physiology. Cell physiology,2,2026,2026,JIF,,,,,pending_licensed_jcr_lookup
American journal of physiology. Heart and circulatory physiology,2,2026,2026,JIF,,,,,pending_licensed_jcr_lookup
Animal models and experimental medicine,2,2025,2026,JIF,,,,,pending_licensed_jcr_lookup
"Arthritis & rheumatology (Hoboken, N.J.)",2,2026,2026,JIF,,,,,pending_licensed_jcr_lookup
Autoimmunity reviews,2,2026,2026,JIF,,,,,pending_licensed_jcr_lookup
BMC biology,2,2025,2026,JIF,,,,,pending_licensed_jcr_lookup
Bioactive materials,2,2026,2026,JIF,,,,,pending_licensed_jcr_lookup
Biochemical genetics,2,2026,2026,JIF,,,,,pending_licensed_jcr_lookup
Biochimica et biophysica acta. General subjects,2,2026,2026,JIF,,,,,pending_licensed_jcr_lookup
Biological procedures online,2,2026,2026,JIF,,,,,pending_licensed_jcr_lookup
Biology direct,2,2026,2026,JIF,,,,,pending_licensed_jcr_lookup
Biomaterials research,2,2026,2026,JIF,,,,,pending_licensed_jcr_lookup
Breast cancer research : BCR,2,2026,2026,JIF,,,,,pending_licensed_jcr_lookup
British journal of pharmacology,2,2026,2026,JIF,,,,,pending_licensed_jcr_lookup
Cancer cell international,2,2026,2026,JIF,,,,,pending_licensed_jcr_lookup
Cancer discovery,2,2026,2026,JIF,,,,,pending_licensed_jcr_lookup
Cancer genomics & proteomics,2,2026,2026,JIF,,,,,pending_licensed_jcr_lookup
Cancer immunology research,2,2025,2026,JIF,,,,,pending_licensed_jcr_lookup
Cancer science,2,2026,2026,JIF,,,,,pending_licensed_jcr_lookup
Cancers,2,2026,2026,JIF,,,,,pending_licensed_jcr_lookup
Cell & bioscience,2,2026,2026,JIF,,,,,pending_licensed_jcr_lookup
Cell metabolism,2,2026,2026,JIF,,,,,pending_licensed_jcr_lookup
Cell proliferation,2,2026,2026,JIF,,,,,pending_licensed_jcr_lookup
Cell reports. Medicine,2,2026,2026,JIF,,,,,pending_licensed_jcr_lookup
Cell stem cell,2,2026,2026,JIF,,,,,pending_licensed_jcr_lookup
Circulation research,2,2026,2026,JIF,,,,,pending_licensed_jcr_lookup
Clinical and experimental pharmacology & physiology,2,2026,2026,JIF,,,,,pending_licensed_jcr_lookup
Clinical and translational medicine,2,2026,2026,JIF,,,,,pending_licensed_jcr_lookup
Critical reviews in oncology/hematology,2,2026,2026,JIF,,,,,pending_licensed_jcr_lookup
Current cancer drug targets,2,2026,2026,JIF,,,,,pending_licensed_jcr_lookup
Developmental cell,2,2026,2026,JIF,,,,,pending_licensed_jcr_lookup
Developmental dynamics : an official publication of the American Association of Anatomists,2,2026,2026,JIF,,,,,pending_licensed_jcr_lookup
Diabetes,2,2026,2026,JIF,,,,,pending_licensed_jcr_lookup
Diabetes & metabolism journal,2,2026,2026,JIF,,,,,pending_licensed_jcr_lookup
Differentiation; research in biological diversity,2,2026,2026,JIF,,,,,pending_licensed_jcr_lookup
EMBO molecular medicine,2,2026,2026,JIF,,,,,pending_licensed_jcr_lookup
Endocrine-related cancer,2,2026,2026,JIF,,,,,pending_licensed_jcr_lookup
European journal of histochemistry : EJH,2,2025,2026,JIF,,,,,pending_licensed_jcr_lookup
Experimental physiology,2,2026,2026,JIF,,,,,pending_licensed_jcr_lookup
Exploration of targeted anti-tumor therapy,2,2026,2026,JIF,,,,,pending_licensed_jcr_lookup
FEBS open bio,2,2026,2026,JIF,,,,,pending_licensed_jcr_lookup
Fitoterapia,2,2026,2026,JIF,,,,,pending_licensed_jcr_lookup
Food and chemical toxicology : an international journal published for the British Industrial Biological Research Association,2,2025,2026,JIF,,,,,pending_licensed_jcr_lookup
Free radical biology & medicine,2,2026,2026,JIF,,,,,pending_licensed_jcr_lookup
Frontiers in cellular neuroscience,2,2026,2026,JIF,,,,,pending_licensed_jcr_lookup
Frontiers in genetics,2,2026,2026,JIF,,,,,pending_licensed_jcr_lookup
Frontiers in medicine,2,2026,2026,JIF,,,,,pending_licensed_jcr_lookup
GeroScience,2,2025,2026,JIF,,,,,pending_licensed_jcr_lookup
Hereditas,2,2026,2026,JIF,,,,,pending_licensed_jcr_lookup
"Hypertension (Dallas, Tex. : 1979)",2,2026,2026,JIF,,,,,pending_licensed_jcr_lookup
"In vivo (Athens, Greece)",2,2026,2026,JIF,,,,,pending_licensed_jcr_lookup
International journal of clinical oncology,2,2026,2026,JIF,,,,,pending_licensed_jcr_lookup
Journal for immunotherapy of cancer,2,2026,2026,JIF,,,,,pending_licensed_jcr_lookup
Journal of advanced research,2,2026,2026,JIF,,,,,pending_licensed_jcr_lookup
Journal of biomechanics,2,2026,2026,JIF,,,,,pending_licensed_jcr_lookup
Journal of bioscience and bioengineering,2,2025,2026,JIF,,,,,pending_licensed_jcr_lookup
Journal of cellular biochemistry,2,2026,2026,JIF,,,,,pending_licensed_jcr_lookup
Journal of experimental & clinical cancer research : CR,2,2026,2026,JIF,,,,,pending_licensed_jcr_lookup
Journal of extracellular vesicles,2,2026,2026,JIF,,,,,pending_licensed_jcr_lookup
Journal of molecular and cellular cardiology,2,2026,2026,JIF,,,,,pending_licensed_jcr_lookup
Journal of nanobiotechnology,2,2026,2026,JIF,,,,,pending_licensed_jcr_lookup
Journal of the American Heart Association,2,2026,2026,JIF,,,,,pending_licensed_jcr_lookup
Journal of visualized experiments : JoVE,2,2025,2026,JIF,,,,,pending_licensed_jcr_lookup
Lab on a chip,2,2026,2026,JIF,,,,,pending_licensed_jcr_lookup
Matrix biology : journal of the International Society for Matrix Biology,2,2025,2026,JIF,,,,,pending_licensed_jcr_lookup
Molecular genetics and genomics : MGG,2,2026,2026,JIF,,,,,pending_licensed_jcr_lookup
Molecular oncology,2,2026,2026,JIF,,,,,pending_licensed_jcr_lookup
Molecular psychiatry,2,2026,2026,JIF,,,,,pending_licensed_jcr_lookup
"Molecules (Basel, Switzerland)",2,2026,2026,JIF,,,,,pending_licensed_jcr_lookup
NPJ microgravity,2,2026,2026,JIF,,,,,pending_licensed_jcr_lookup
Nature,2,2026,2026,JIF,,,,,pending_licensed_jcr_lookup
Naunyn-Schmiedeberg's archives of pharmacology,2,2026,2026,JIF,,,,,pending_licensed_jcr_lookup
Neural regeneration research,2,2026,2026,JIF,,,,,pending_licensed_jcr_lookup
Neuroscience,2,2026,2026,JIF,,,,,pending_licensed_jcr_lookup
Neuroscience and biobehavioral reviews,2,2026,2026,JIF,,,,,pending_licensed_jcr_lookup
Oncoimmunology,2,2026,2026,JIF,,,,,pending_licensed_jcr_lookup
Oncology research,2,2025,2026,JIF,,,,,pending_licensed_jcr_lookup
PeerJ,2,2026,2026,JIF,,,,,pending_licensed_jcr_lookup
Physiological reports,2,2026,2026,JIF,,,,,pending_licensed_jcr_lookup
Renal failure,2,2026,2026,JIF,,,,,pending_licensed_jcr_lookup
"Science (New York, N.Y.)",2,2025,2026,JIF,,,,,pending_licensed_jcr_lookup
Science translational medicine,2,2026,2026,JIF,,,,,pending_licensed_jcr_lookup
Stem cells and development,2,2026,2026,JIF,,,,,pending_licensed_jcr_lookup
The European journal of neuroscience,2,2025,2026,JIF,,,,,pending_licensed_jcr_lookup
The Journal of cell biology,2,2026,2026,JIF,,,,,pending_licensed_jcr_lookup
The Journal of clinical investigation,2,2026,2026,JIF,,,,,pending_licensed_jcr_lookup
The Journal of neuroscience : the official journal of the Society for Neuroscience,2,2026,2026,JIF,,,,,pending_licensed_jcr_lookup
The Prostate,2,2026,2026,JIF,,,,,pending_licensed_jcr_lookup
The international journal of biochemistry & cell biology,2,2025,2026,JIF,,,,,pending_licensed_jcr_lookup
Tissue & cell,2,2026,2026,JIF,,,,,pending_licensed_jcr_lookup
"Tissue engineering. Part C, Methods",2,2026,2026,JIF,,,,,pending_licensed_jcr_lookup
Toxicology letters,2,2026,2026,JIF,,,,,pending_licensed_jcr_lookup
World journal of urology,2,2026,2026,JIF,,,,,pending_licensed_jcr_lookup
Zhen ci yan jiu = Acupuncture research,2,2025,2026,JIF,,,,,pending_licensed_jcr_lookup
npj biomedical innovations,2,2026,2026,JIF,,,,,pending_licensed_jcr_lookup
ACS omega,1,2026,2026,JIF,,,,,pending_licensed_jcr_lookup
ASN neuro,1,2025,2025,JIF,,,,,pending_licensed_jcr_lookup
Acta biochimica et biophysica Sinica,1,2026,2026,JIF,,,,,pending_licensed_jcr_lookup
Acta biomaterialia,1,2026,2026,JIF,,,,,pending_licensed_jcr_lookup
Acta neuropathologica communications,1,2026,2026,JIF,,,,,pending_licensed_jcr_lookup
"Acta physiologica (Oxford, England)",1,2026,2026,JIF,,,,,pending_licensed_jcr_lookup
Advances in clinical and experimental medicine : official organ Wroclaw Medical University,1,2026,2026,JIF,,,,,pending_licensed_jcr_lookup
Aging and disease,1,2026,2026,JIF,,,,,pending_licensed_jcr_lookup
Allergy,1,2026,2026,JIF,,,,,pending_licensed_jcr_lookup
American journal of cancer research,1,2026,2026,JIF,,,,,pending_licensed_jcr_lookup
American journal of physiology. Endocrinology and metabolism,1,2026,2026,JIF,,,,,pending_licensed_jcr_lookup
"American journal of physiology. Regulatory, integrative and comparative physiology",1,2025,2025,JIF,,,,,pending_licensed_jcr_lookup
American journal of physiology. Renal physiology,1,2026,2026,JIF,,,,,pending_licensed_jcr_lookup
American journal of respiratory and critical care medicine,1,2026,2026,JIF,,,,,pending_licensed_jcr_lookup
American journal of respiratory cell and molecular biology,1,2026,2026,JIF,,,,,pending_licensed_jcr_lookup
American journal of translational research,1,2026,2026,JIF,,,,,pending_licensed_jcr_lookup
Analytical chemistry,1,2026,2026,JIF,,,,,pending_licensed_jcr_lookup
Anatomy & cell biology,1,2026,2026,JIF,,,,,pending_licensed_jcr_lookup
Animals : an open access journal from MDPI,1,2026,2026,JIF,,,,,pending_licensed_jcr_lookup
Annals of clinical and translational neurology,1,2026,2026,JIF,,,,,pending_licensed_jcr_lookup
Annals of medicine,1,2026,2026,JIF,,,,,pending_licensed_jcr_lookup
Annals of the rheumatic diseases,1,2026,2026,JIF,,,,,pending_licensed_jcr_lookup
Applied immunohistochemistry & molecular morphology : AIMM,1,2026,2026,JIF,,,,,pending_licensed_jcr_lookup
Arquivos brasileiros de cardiologia,1,2026,2026,JIF,,,,,pending_licensed_jcr_lookup
Arthritis research & therapy,1,2026,2026,JIF,,,,,pending_licensed_jcr_lookup
Atherosclerosis plus,1,2026,2026,JIF,,,,,pending_licensed_jcr_lookup
Autophagy,1,2026,2026,JIF,,,,,pending_licensed_jcr_lookup
BMC biotechnology,1,2026,2026,JIF,,,,,pending_licensed_jcr_lookup
BMC cancer,1,2026,2026,JIF,,,,,pending_licensed_jcr_lookup
BMC gastroenterology,1,2026,2026,JIF,,,,,pending_licensed_jcr_lookup
BMC genomic data,1,2026,2026,JIF,,,,,pending_licensed_jcr_lookup
BMC medical genomics,1,2026,2026,JIF,,,,,pending_licensed_jcr_lookup
BMC medicine,1,2026,2026,JIF,,,,,pending_licensed_jcr_lookup
BMC molecular and cell biology,1,2026,2026,JIF,,,,,pending_licensed_jcr_lookup
BMC pediatrics,1,2026,2026,JIF,,,,,pending_licensed_jcr_lookup
Basic & clinical pharmacology & toxicology,1,2026,2026,JIF,,,,,pending_licensed_jcr_lookup
Basic research in cardiology,1,2026,2026,JIF,,,,,pending_licensed_jcr_lookup
Biochemical Society transactions,1,2026,2026,JIF,,,,,pending_licensed_jcr_lookup
Biochemistry. Biokhimiia,1,2026,2026,JIF,,,,,pending_licensed_jcr_lookup
Biochimica et biophysica acta. Reviews on cancer,1,2026,2026,JIF,,,,,pending_licensed_jcr_lookup
Biological reviews of the Cambridge Philosophical Society,1,2026,2026,JIF,,,,,pending_licensed_jcr_lookup
Biology,1,2026,2026,JIF,,,,,pending_licensed_jcr_lookup
Biology open,1,2025,2025,JIF,,,,,pending_licensed_jcr_lookup
Biomaterials advances,1,2026,2026,JIF,,,,,pending_licensed_jcr_lookup
Biomechanics and modeling in mechanobiology,1,2026,2026,JIF,,,,,pending_licensed_jcr_lookup
Bioorganic chemistry,1,2025,2025,JIF,,,,,pending_licensed_jcr_lookup
Biophysical journal,1,2026,2026,JIF,,,,,pending_licensed_jcr_lookup
Biophysical reviews,1,2026,2026,JIF,,,,,pending_licensed_jcr_lookup
"Bioscience, biotechnology, and biochemistry",1,2026,2026,JIF,,,,,pending_licensed_jcr_lookup
Blood cancer journal,1,2026,2026,JIF,,,,,pending_licensed_jcr_lookup
Bone & joint research,1,2026,2026,JIF,,,,,pending_licensed_jcr_lookup
Bone research,1,2026,2026,JIF,,,,,pending_licensed_jcr_lookup
Brain communications,1,2026,2026,JIF,,,,,pending_licensed_jcr_lookup
Brain research bulletin,1,2026,2026,JIF,,,,,pending_licensed_jcr_lookup
"Brain, behavior, and immunity",1,2026,2026,JIF,,,,,pending_licensed_jcr_lookup
British journal of cancer,1,2025,2025,JIF,,,,,pending_licensed_jcr_lookup
Bulletin of experimental biology and medicine,1,2026,2026,JIF,,,,,pending_licensed_jcr_lookup
Bulletin of mathematical biology,1,2026,2026,JIF,,,,,pending_licensed_jcr_lookup
CNS neuroscience & therapeutics,1,2026,2026,JIF,,,,,pending_licensed_jcr_lookup
Cancer biology & medicine,1,2026,2026,JIF,,,,,pending_licensed_jcr_lookup
Cancer cell,1,2025,2025,JIF,,,,,pending_licensed_jcr_lookup
"Cancer immunology, immunotherapy : CII",1,2026,2026,JIF,,,,,pending_licensed_jcr_lookup
Cancer management and research,1,2026,2026,JIF,,,,,pending_licensed_jcr_lookup
Cancer medicine,1,2026,2026,JIF,,,,,pending_licensed_jcr_lookup
Cardiovascular & hematological disorders drug targets,1,2026,2026,JIF,,,,,pending_licensed_jcr_lookup
Cardiovascular diabetology,1,2026,2026,JIF,,,,,pending_licensed_jcr_lookup
Cardiovascular toxicology,1,2026,2026,JIF,,,,,pending_licensed_jcr_lookup
Cell,1,2025,2025,JIF,,,,,pending_licensed_jcr_lookup
Cell biology international,1,2026,2026,JIF,,,,,pending_licensed_jcr_lookup
Cell death and differentiation,1,2026,2026,JIF,,,,,pending_licensed_jcr_lookup
Cell reports methods,1,2026,2026,JIF,,,,,pending_licensed_jcr_lookup
Cell reports. Physical science,1,2026,2026,JIF,,,,,pending_licensed_jcr_lookup
Cellular and molecular gastroenterology and hepatology,1,2026,2026,JIF,,,,,pending_licensed_jcr_lookup
Central-European journal of immunology,1,2026,2026,JIF,,,,,pending_licensed_jcr_lookup
Chembiochem : a European journal of chemical biology,1,2026,2026,JIF,,,,,pending_licensed_jcr_lookup
Chinese journal of natural medicines,1,2025,2025,JIF,,,,,pending_licensed_jcr_lookup
Chinese medicine,1,2026,2026,JIF,,,,,pending_licensed_jcr_lookup
Circulation,1,2026,2026,JIF,,,,,pending_licensed_jcr_lookup
Circulation journal : official journal of the Japanese Circulation Society,1,2026,2026,JIF,,,,,pending_licensed_jcr_lookup
Circulation. Heart failure,1,2026,2026,JIF,,,,,pending_licensed_jcr_lookup
Clinical and experimental dental research,1,2026,2026,JIF,,,,,pending_licensed_jcr_lookup
Clinical cancer research : an official journal of the American Association for Cancer Research,1,2026,2026,JIF,,,,,pending_licensed_jcr_lookup
"Clinical immunology (Orlando, Fla.)",1,2026,2026,JIF,,,,,pending_licensed_jcr_lookup
Clinical laboratory,1,2026,2026,JIF,,,,,pending_licensed_jcr_lookup
Clinical rheumatology,1,2026,2026,JIF,,,,,pending_licensed_jcr_lookup
Cold Spring Harbor perspectives in biology,1,2025,2025,JIF,,,,,pending_licensed_jcr_lookup
"Colloids and surfaces. B, Biointerfaces",1,2026,2026,JIF,,,,,pending_licensed_jcr_lookup
Computational and structural biotechnology journal,1,2026,2026,JIF,,,,,pending_licensed_jcr_lookup
Computer methods and programs in biomedicine,1,2026,2026,JIF,,,,,pending_licensed_jcr_lookup
Computer methods in biomechanics and biomedical engineering,1,2026,2026,JIF,,,,,pending_licensed_jcr_lookup
Current allergy and asthma reports,1,2026,2026,JIF,,,,,pending_licensed_jcr_lookup
Current eye research,1,2026,2026,JIF,,,,,pending_licensed_jcr_lookup
Current issues in molecular biology,1,2026,2026,JIF,,,,,pending_licensed_jcr_lookup
Current medical science,1,2026,2026,JIF,,,,,pending_licensed_jcr_lookup
Current opinion in cell biology,1,2026,2026,JIF,,,,,pending_licensed_jcr_lookup
Current opinion in genetics & development,1,2026,2026,JIF,,,,,pending_licensed_jcr_lookup
Current pharmaceutical design,1,2026,2026,JIF,,,,,pending_licensed_jcr_lookup
Current problems in cardiology,1,2026,2026,JIF,,,,,pending_licensed_jcr_lookup
Current topics in medicinal chemistry,1,2026,2026,JIF,,,,,pending_licensed_jcr_lookup
Cytotechnology,1,2026,2026,JIF,,,,,pending_licensed_jcr_lookup
Data in brief,1,2026,2026,JIF,,,,,pending_licensed_jcr_lookup
Development & reproduction,1,2026,2026,JIF,,,,,pending_licensed_jcr_lookup
"Development (Cambridge, England)",1,2026,2026,JIF,,,,,pending_licensed_jcr_lookup
Developmental biology,1,2026,2026,JIF,,,,,pending_licensed_jcr_lookup
Diabetes research and clinical practice,1,2026,2026,JIF,,,,,pending_licensed_jcr_lookup
Digestive diseases and sciences,1,2026,2026,JIF,,,,,pending_licensed_jcr_lookup
Disease models & mechanisms,1,2026,2026,JIF,,,,,pending_licensed_jcr_lookup
Drug development research,1,2026,2026,JIF,,,,,pending_licensed_jcr_lookup
Drug discovery today,1,2026,2026,JIF,,,,,pending_licensed_jcr_lookup
EBioMedicine,1,2026,2026,JIF,,,,,pending_licensed_jcr_lookup
ERJ open research,1,2026,2026,JIF,,,,,pending_licensed_jcr_lookup
Endocrine regulations,1,2026,2026,JIF,,,,,pending_licensed_jcr_lookup
Epigenetics,1,2026,2026,JIF,,,,,pending_licensed_jcr_lookup
European heart journal,1,2026,2026,JIF,,,,,pending_licensed_jcr_lookup
European heart journal. Imaging methods and practice,1,2026,2026,JIF,,,,,pending_licensed_jcr_lookup
European journal of applied physiology,1,2026,2026,JIF,,,,,pending_licensed_jcr_lookup
European journal of nutrition,1,2026,2026,JIF,,,,,pending_licensed_jcr_lookup
European journal of pharmaceutical sciences : official journal of the European Federation for Pharmaceutical Sciences,1,2026,2026,JIF,,,,,pending_licensed_jcr_lookup
Experimental & molecular medicine,1,2026,2026,JIF,,,,,pending_licensed_jcr_lookup
Experimental hematology,1,2026,2026,JIF,,,,,pending_licensed_jcr_lookup
Expert opinion on therapeutic targets,1,2026,2026,JIF,,,,,pending_licensed_jcr_lookup
Expert reviews in molecular medicine,1,2026,2026,JIF,,,,,pending_licensed_jcr_lookup
Extracellular vesicles and circulating nucleic acids,1,2026,2026,JIF,,,,,pending_licensed_jcr_lookup
Fluids and barriers of the CNS,1,2025,2025,JIF,,,,,pending_licensed_jcr_lookup
Free radical research,1,2026,2026,JIF,,,,,pending_licensed_jcr_lookup
Frontiers in bioscience (Landmark edition),1,2026,2026,JIF,,,,,pending_licensed_jcr_lookup
Frontiers in cardiovascular medicine,1,2026,2026,JIF,,,,,pending_licensed_jcr_lookup
Frontiers in molecular neuroscience,1,2026,2026,JIF,,,,,pending_licensed_jcr_lookup
Frontiers in neurology,1,2026,2026,JIF,,,,,pending_licensed_jcr_lookup
Frontiers in physiology,1,2026,2026,JIF,,,,,pending_licensed_jcr_lookup
Frontiers in robotics and AI,1,2026,2026,JIF,,,,,pending_licensed_jcr_lookup
Functional & integrative genomics,1,2026,2026,JIF,,,,,pending_licensed_jcr_lookup
Gastroenterology,1,2026,2026,JIF,,,,,pending_licensed_jcr_lookup
"Gels (Basel, Switzerland)",1,2026,2026,JIF,,,,,pending_licensed_jcr_lookup
Genes & development,1,2026,2026,JIF,,,,,pending_licensed_jcr_lookup
"Genes, chromosomes & cancer",1,2025,2025,JIF,,,,,pending_licensed_jcr_lookup
Genome biology,1,2026,2026,JIF,,,,,pending_licensed_jcr_lookup
Genome medicine,1,2026,2026,JIF,,,,,pending_licensed_jcr_lookup
"Hematology, transfusion and cell therapy",1,2026,2026,JIF,,,,,pending_licensed_jcr_lookup
Hepatology international,1,2026,2026,JIF,,,,,pending_licensed_jcr_lookup
Histology and histopathology,1,2026,2026,JIF,,,,,pending_licensed_jcr_lookup
Hormone and metabolic research = Hormon- und Stoffwechselforschung = Hormones et metabolisme,1,2026,2026,JIF,,,,,pending_licensed_jcr_lookup
Human cell,1,2026,2026,JIF,,,,,pending_licensed_jcr_lookup
Immunity,1,2026,2026,JIF,,,,,pending_licensed_jcr_lookup
Immunologic research,1,2026,2026,JIF,,,,,pending_licensed_jcr_lookup
Immunological reviews,1,2026,2026,JIF,,,,,pending_licensed_jcr_lookup
Immunology and cell biology,1,2026,2026,JIF,,,,,pending_licensed_jcr_lookup
Immunology letters,1,2026,2026,JIF,,,,,pending_licensed_jcr_lookup
In vitro cellular & developmental biology. Animal,1,2026,2026,JIF,,,,,pending_licensed_jcr_lookup
In vitro models,1,2026,2026,JIF,,,,,pending_licensed_jcr_lookup
International endodontic journal,1,2026,2026,JIF,,,,,pending_licensed_jcr_lookup
International journal for numerical methods in biomedical engineering,1,2026,2026,JIF,,,,,pending_licensed_jcr_lookup
International journal of antimicrobial agents,1,2026,2026,JIF,,,,,pending_licensed_jcr_lookup
International journal of developmental neuroscience : the official journal of the International Society for Developmental Neuroscience,1,2026,2026,JIF,,,,,pending_licensed_jcr_lookup
International journal of genomics,1,2026,2026,JIF,,,,,pending_licensed_jcr_lookup
International journal of immunopathology and pharmacology,1,2026,2026,JIF,,,,,pending_licensed_jcr_lookup
International journal of ophthalmology,1,2026,2026,JIF,,,,,pending_licensed_jcr_lookup
International journal of oral science,1,2026,2026,JIF,,,,,pending_licensed_jcr_lookup
International journal of radiation biology,1,2026,2026,JIF,,,,,pending_licensed_jcr_lookup
International journal of stem cells,1,2026,2026,JIF,,,,,pending_licensed_jcr_lookup
International neurourology journal,1,2026,2026,JIF,,,,,pending_licensed_jcr_lookup
International urology and nephrology,1,2026,2026,JIF,,,,,pending_licensed_jcr_lookup
JACC. Basic to translational science,1,2026,2026,JIF,,,,,pending_licensed_jcr_lookup
Journal of Asian natural products research,1,2026,2026,JIF,,,,,pending_licensed_jcr_lookup
Journal of agricultural and food chemistry,1,2026,2026,JIF,,,,,pending_licensed_jcr_lookup
Journal of biochemical and molecular toxicology,1,2026,2026,JIF,,,,,pending_licensed_jcr_lookup
Journal of biochemistry,1,2026,2026,JIF,,,,,pending_licensed_jcr_lookup
Journal of biomaterials applications,1,2026,2026,JIF,,,,,pending_licensed_jcr_lookup
"Journal of cachexia, sarcopenia and muscle",1,2026,2026,JIF,,,,,pending_licensed_jcr_lookup
Journal of cardiovascular development and disease,1,2025,2025,JIF,,,,,pending_licensed_jcr_lookup
Journal of cardiovascular translational research,1,2026,2026,JIF,,,,,pending_licensed_jcr_lookup
Journal of cell science,1,2026,2026,JIF,,,,,pending_licensed_jcr_lookup
Journal of cellular and molecular medicine,1,2026,2026,JIF,,,,,pending_licensed_jcr_lookup
Journal of controlled release : official journal of the Controlled Release Society,1,2026,2026,JIF,,,,,pending_licensed_jcr_lookup
Journal of dental research,1,2026,2026,JIF,,,,,pending_licensed_jcr_lookup
Journal of diabetes investigation,1,2026,2026,JIF,,,,,pending_licensed_jcr_lookup
Journal of hazardous materials,1,2026,2026,JIF,,,,,pending_licensed_jcr_lookup
"Journal of immunology (Baltimore, Md. : 1950)",1,2026,2026,JIF,,,,,pending_licensed_jcr_lookup
Journal of inflammation research,1,2026,2026,JIF,,,,,pending_licensed_jcr_lookup
Journal of lipid research,1,2026,2026,JIF,,,,,pending_licensed_jcr_lookup
Journal of mammary gland biology and neoplasia,1,2026,2026,JIF,,,,,pending_licensed_jcr_lookup
Journal of mathematical biology,1,2026,2026,JIF,,,,,pending_licensed_jcr_lookup
Journal of medical microbiology,1,2026,2026,JIF,,,,,pending_licensed_jcr_lookup
Journal of medicinal chemistry,1,2026,2026,JIF,,,,,pending_licensed_jcr_lookup
"Journal of microbiology, immunology, and infection = Wei mian yu gan ran za zhi",1,2026,2026,JIF,,,,,pending_licensed_jcr_lookup
Journal of molecular endocrinology,1,2026,2026,JIF,,,,,pending_licensed_jcr_lookup
Journal of molecular histology,1,2025,2025,JIF,,,,,pending_licensed_jcr_lookup
Journal of muscle research and cell motility,1,2026,2026,JIF,,,,,pending_licensed_jcr_lookup
"Journal of neural transmission (Vienna, Austria : 1996)",1,2026,2026,JIF,,,,,pending_licensed_jcr_lookup
Journal of neuro-oncology,1,2026,2026,JIF,,,,,pending_licensed_jcr_lookup
Journal of neurogastroenterology and motility,1,2026,2026,JIF,,,,,pending_licensed_jcr_lookup
Journal of neuroimmunology,1,2026,2026,JIF,,,,,pending_licensed_jcr_lookup
"Journal of nuclear medicine : official publication, Society of Nuclear Medicine",1,2026,2026,JIF,,,,,pending_licensed_jcr_lookup
Journal of ovarian research,1,2026,2026,JIF,,,,,pending_licensed_jcr_lookup
Journal of personalized medicine,1,2026,2026,JIF,,,,,pending_licensed_jcr_lookup
Journal of pregnancy,1,2026,2026,JIF,,,,,pending_licensed_jcr_lookup
Journal of proteome research,1,2026,2026,JIF,,,,,pending_licensed_jcr_lookup
Journal of psychiatric research,1,2026,2026,JIF,,,,,pending_licensed_jcr_lookup
Journal of smooth muscle research = Nihon Heikatsukin Gakkai kikanshi,1,2026,2026,JIF,,,,,pending_licensed_jcr_lookup
Journal of the American Chemical Society,1,2026,2026,JIF,,,,,pending_licensed_jcr_lookup
Journal of the American Society of Nephrology : JASN,1,2026,2026,JIF,,,,,pending_licensed_jcr_lookup
Journal of theoretical biology,1,2026,2026,JIF,,,,,pending_licensed_jcr_lookup
Journal of thrombosis and haemostasis : JTH,1,2026,2026,JIF,,,,,pending_licensed_jcr_lookup
"Journal, genetic engineering & biotechnology",1,2026,2026,JIF,,,,,pending_licensed_jcr_lookup
Kidney international,1,2026,2026,JIF,,,,,pending_licensed_jcr_lookup
Kidney360,1,2026,2026,JIF,,,,,pending_licensed_jcr_lookup
Lab animal,1,2026,2026,JIF,,,,,pending_licensed_jcr_lookup
Leukemia,1,2026,2026,JIF,,,,,pending_licensed_jcr_lookup
"Life (Basel, Switzerland)",1,2026,2026,JIF,,,,,pending_licensed_jcr_lookup
Life science alliance,1,2026,2026,JIF,,,,,pending_licensed_jcr_lookup
Lung,1,2026,2026,JIF,,,,,pending_licensed_jcr_lookup
"Mass spectrometry (Tokyo, Japan)",1,2026,2026,JIF,,,,,pending_licensed_jcr_lookup
Materials today. Bio,1,2026,2026,JIF,,,,,pending_licensed_jcr_lookup
Maxillofacial plastic and reconstructive surgery,1,2026,2026,JIF,,,,,pending_licensed_jcr_lookup
Mediators of inflammation,1,2026,2026,JIF,,,,,pending_licensed_jcr_lookup
"Medicina (Kaunas, Lithuania)",1,2026,2026,JIF,,,,,pending_licensed_jcr_lookup
Medicine,1,2026,2026,JIF,,,,,pending_licensed_jcr_lookup
Melanoma research,1,2026,2026,JIF,,,,,pending_licensed_jcr_lookup
Metabolic brain disease,1,2026,2026,JIF,,,,,pending_licensed_jcr_lookup
"Methods (San Diego, Calif.)",1,2025,2025,JIF,,,,,pending_licensed_jcr_lookup
MethodsX,1,2026,2026,JIF,,,,,pending_licensed_jcr_lookup
Microbial pathogenesis,1,2026,2026,JIF,,,,,pending_licensed_jcr_lookup
Microbiological research,1,2026,2026,JIF,,,,,pending_licensed_jcr_lookup
Microbiology spectrum,1,2026,2026,JIF,,,,,pending_licensed_jcr_lookup
"Microcirculation (New York, N.Y. : 1994)",1,2026,2026,JIF,,,,,pending_licensed_jcr_lookup
"Micron (Oxford, England : 1993)",1,2025,2025,JIF,,,,,pending_licensed_jcr_lookup
Microorganisms,1,2026,2026,JIF,,,,,pending_licensed_jcr_lookup
Microsystems & nanoengineering,1,2026,2026,JIF,,,,,pending_licensed_jcr_lookup
Molecular and cellular probes,1,2026,2026,JIF,,,,,pending_licensed_jcr_lookup
Molecular biology of the cell,1,2026,2026,JIF,,,,,pending_licensed_jcr_lookup
Molecular biomedicine,1,2026,2026,JIF,,,,,pending_licensed_jcr_lookup
Molecular cancer research : MCR,1,2026,2026,JIF,,,,,pending_licensed_jcr_lookup
Molecular carcinogenesis,1,2026,2026,JIF,,,,,pending_licensed_jcr_lookup
"Molecular medicine (Cambridge, Mass.)",1,2026,2026,JIF,,,,,pending_licensed_jcr_lookup
Molecular metabolism,1,2026,2026,JIF,,,,,pending_licensed_jcr_lookup
Molecular nutrition & food research,1,2026,2026,JIF,,,,,pending_licensed_jcr_lookup
Molecular therapy. Nucleic acids,1,2026,2026,JIF,,,,,pending_licensed_jcr_lookup
Molecules and cells,1,2026,2026,JIF,,,,,pending_licensed_jcr_lookup
"Multiple sclerosis (Houndmills, Basingstoke, England)",1,2026,2026,JIF,,,,,pending_licensed_jcr_lookup
Multiple sclerosis and related disorders,1,2025,2025,JIF,,,,,pending_licensed_jcr_lookup
NMR in biomedicine,1,2026,2026,JIF,,,,,pending_licensed_jcr_lookup
NPJ Parkinson's disease,1,2025,2025,JIF,,,,,pending_licensed_jcr_lookup
NPJ precision oncology,1,2026,2026,JIF,,,,,pending_licensed_jcr_lookup
NPJ systems biology and applications,1,2025,2025,JIF,,,,,pending_licensed_jcr_lookup
Nan fang yi ke da xue xue bao = Journal of Southern Medical University,1,2026,2026,JIF,,,,,pending_licensed_jcr_lookup
Nanoscale,1,2026,2026,JIF,,,,,pending_licensed_jcr_lookup
Nature cardiovascular research,1,2026,2026,JIF,,,,,pending_licensed_jcr_lookup
Nature methods,1,2026,2026,JIF,,,,,pending_licensed_jcr_lookup
Nature neuroscience,1,2026,2026,JIF,,,,,pending_licensed_jcr_lookup
Nature reviews. Neuroscience,1,2026,2026,JIF,,,,,pending_licensed_jcr_lookup
Neuroinformatics,1,2026,2026,JIF,,,,,pending_licensed_jcr_lookup
Neuropsychopharmacology reports,1,2026,2026,JIF,,,,,pending_licensed_jcr_lookup
Neuroscience bulletin,1,2026,2026,JIF,,,,,pending_licensed_jcr_lookup
Non-coding RNA research,1,2026,2026,JIF,,,,,pending_licensed_jcr_lookup
Npj biosensing,1,2026,2026,JIF,,,,,pending_licensed_jcr_lookup
Npj gut and liver,1,2026,2026,JIF,,,,,pending_licensed_jcr_lookup
Nucleic acid therapeutics,1,2026,2026,JIF,,,,,pending_licensed_jcr_lookup
"Nucleus (Austin, Tex.)",1,2026,2026,JIF,,,,,pending_licensed_jcr_lookup
Oncology letters,1,2026,2026,JIF,,,,,pending_licensed_jcr_lookup
Open life sciences,1,2026,2026,JIF,,,,,pending_licensed_jcr_lookup
Oral diseases,1,2026,2026,JIF,,,,,pending_licensed_jcr_lookup
Organogenesis,1,2026,2026,JIF,,,,,pending_licensed_jcr_lookup
Orthopaedic journal of sports medicine,1,2026,2026,JIF,,,,,pending_licensed_jcr_lookup
PLoS computational biology,1,2026,2026,JIF,,,,,pending_licensed_jcr_lookup
"Pathogens (Basel, Switzerland)",1,2026,2026,JIF,,,,,pending_licensed_jcr_lookup
Pathology oncology research : POR,1,2025,2025,JIF,,,,,pending_licensed_jcr_lookup
"Pharmaceuticals (Basel, Switzerland)",1,2026,2026,JIF,,,,,pending_licensed_jcr_lookup
Pharmacological research,1,2026,2026,JIF,,,,,pending_licensed_jcr_lookup
Photodiagnosis and photodynamic therapy,1,2026,2026,JIF,,,,,pending_licensed_jcr_lookup
"Physiology (Bethesda, Md.)",1,2026,2026,JIF,,,,,pending_licensed_jcr_lookup
Phytotherapy research : PTR,1,2026,2026,JIF,,,,,pending_licensed_jcr_lookup
Placenta,1,2026,2026,JIF,,,,,pending_licensed_jcr_lookup
Proteomics,1,2025,2025,JIF,,,,,pending_licensed_jcr_lookup
QJM : monthly journal of the Association of Physicians,1,2026,2026,JIF,,,,,pending_licensed_jcr_lookup
Regenerative therapy,1,2026,2026,JIF,,,,,pending_licensed_jcr_lookup
Reproductive biology,1,2026,2026,JIF,,,,,pending_licensed_jcr_lookup
"Research (Washington, D.C.)",1,2026,2026,JIF,,,,,pending_licensed_jcr_lookup
Science signaling,1,2026,2026,JIF,,,,,pending_licensed_jcr_lookup
Seminars in nephrology,1,2026,2026,JIF,,,,,pending_licensed_jcr_lookup
"Sensors (Basel, Switzerland)",1,2025,2025,JIF,,,,,pending_licensed_jcr_lookup
Sheng wu gong cheng xue bao = Chinese journal of biotechnology,1,2026,2026,JIF,,,,,pending_licensed_jcr_lookup
Stem cells international,1,2026,2026,JIF,,,,,pending_licensed_jcr_lookup
Stem cells translational medicine,1,2026,2026,JIF,,,,,pending_licensed_jcr_lookup
Surgical oncology,1,2026,2026,JIF,,,,,pending_licensed_jcr_lookup
Talanta,1,2026,2026,JIF,,,,,pending_licensed_jcr_lookup
The American journal of Chinese medicine,1,2026,2026,JIF,,,,,pending_licensed_jcr_lookup
The American journal of surgical pathology,1,2026,2026,JIF,,,,,pending_licensed_jcr_lookup
The British journal of dermatology,1,2026,2026,JIF,,,,,pending_licensed_jcr_lookup
The FEBS journal,1,2026,2026,JIF,,,,,pending_licensed_jcr_lookup
The Journal of experimental medicine,1,2026,2026,JIF,,,,,pending_licensed_jcr_lookup
The Journal of investigative dermatology,1,2026,2026,JIF,,,,,pending_licensed_jcr_lookup
The Journal of pharmacy and pharmacology,1,2026,2026,JIF,,,,,pending_licensed_jcr_lookup
The Kaohsiung journal of medical sciences,1,2026,2026,JIF,,,,,pending_licensed_jcr_lookup
The Korean journal of physiology & pharmacology : official journal of the Korean Physiological Society and the Korean Society of Pharmacology,1,2026,2026,JIF,,,,,pending_licensed_jcr_lookup
Theranostics,1,2026,2026,JIF,,,,,pending_licensed_jcr_lookup
Thyroid : official journal of the American Thyroid Association,1,2026,2026,JIF,,,,,pending_licensed_jcr_lookup
Translational cancer research,1,2026,2026,JIF,,,,,pending_licensed_jcr_lookup
Translational pediatrics,1,2026,2026,JIF,,,,,pending_licensed_jcr_lookup
Translational stroke research,1,2026,2026,JIF,,,,,pending_licensed_jcr_lookup
Trends in cancer,1,2026,2026,JIF,,,,,pending_licensed_jcr_lookup
Trends in endocrinology and metabolism: TEM,1,2026,2026,JIF,,,,,pending_licensed_jcr_lookup
Trends in pharmacological sciences,1,2026,2026,JIF,,,,,pending_licensed_jcr_lookup
Vascular pharmacology,1,2026,2026,JIF,,,,,pending_licensed_jcr_lookup
Veterinary pathology,1,2026,2026,JIF,,,,,pending_licensed_jcr_lookup
Veterinary research communications,1,2026,2026,JIF,,,,,pending_licensed_jcr_lookup
World journal of surgical oncology,1,2026,2026,JIF,,,,,pending_licensed_jcr_lookup
Xi bao yu fen zi mian yi xue za zhi = Chinese journal of cellular and molecular immunology,1,2026,2026,JIF,,,,,pending_licensed_jcr_lookup
Zhong nan da xue xue bao. Yi xue ban = Journal of Central South University. Medical sciences,1,2026,2026,JIF,,,,,pending_licensed_jcr_lookup
Zhonghua wei zhong bing ji jiu yi xue,1,2026,2026,JIF,,,,,pending_licensed_jcr_lookup
eNeuro,1,2026,2026,JIF,,,,,pending_licensed_jcr_lookup
