selection_rank,source_family_id,annotator_slot,assignment_status
1,doi:10.1002/adhm.202500914,A,unassigned
1,doi:10.1002/adhm.202500914,B,unassigned
2,doi:10.1002/advs.202511538,A,unassigned
2,doi:10.1002/advs.202511538,B,unassigned
3,doi:10.1016/j.bpj.2020.01.048,A,unassigned
3,doi:10.1016/j.bpj.2020.01.048,B,unassigned
4,doi:10.1016/j.celrep.2013.10.040,A,unassigned
4,doi:10.1016/j.celrep.2013.10.040,B,unassigned
5,doi:10.1016/j.isci.2021.103061,A,unassigned
5,doi:10.1016/j.isci.2021.103061,B,unassigned
6,doi:10.1016/j.mbm.2025.100117,A,unassigned
6,doi:10.1016/j.mbm.2025.100117,B,unassigned
7,doi:10.1016/j.stemcr.2015.10.017,A,unassigned
7,doi:10.1016/j.stemcr.2015.10.017,B,unassigned
8,doi:10.1038/s41419-019-1397-4,A,unassigned
8,doi:10.1038/s41419-019-1397-4,B,unassigned
9,doi:10.1038/s41467-026-70052-8,A,unassigned
9,doi:10.1038/s41467-026-70052-8,B,unassigned
10,doi:10.1038/s41598-019-51024-z,A,unassigned
10,doi:10.1038/s41598-019-51024-z,B,unassigned
11,doi:10.1038/srep28805,A,unassigned
11,doi:10.1038/srep28805,B,unassigned
12,doi:10.1038/srep33751,A,unassigned
12,doi:10.1038/srep33751,B,unassigned
13,doi:10.1088/1758-5090/ae2cf2,A,unassigned
13,doi:10.1088/1758-5090/ae2cf2,B,unassigned
14,doi:10.1126/sciadv.ady8382,A,unassigned
14,doi:10.1126/sciadv.ady8382,B,unassigned
15,doi:10.1371/journal.pone.0035058,A,unassigned
15,doi:10.1371/journal.pone.0035058,B,unassigned
16,doi:10.1371/journal.pone.0037178,A,unassigned
16,doi:10.1371/journal.pone.0037178,B,unassigned
17,doi:10.1371/journal.pone.0048332,A,unassigned
17,doi:10.1371/journal.pone.0048332,B,unassigned
18,doi:10.1371/journal.pone.0074659,A,unassigned
18,doi:10.1371/journal.pone.0074659,B,unassigned
19,doi:10.1371/journal.pone.0079654,A,unassigned
19,doi:10.1371/journal.pone.0079654,B,unassigned
20,doi:10.1371/journal.pone.0130540,A,unassigned
20,doi:10.1371/journal.pone.0130540,B,unassigned
21,doi:10.1371/journal.pone.0181085,A,unassigned
21,doi:10.1371/journal.pone.0181085,B,unassigned
22,doi:10.3389/fcell.2026.1771078,A,unassigned
22,doi:10.3389/fcell.2026.1771078,B,unassigned
23,doi:10.3389/fncel.2015.00363,A,unassigned
23,doi:10.3389/fncel.2015.00363,B,unassigned
24,doi:10.3390/ijms22042198,A,unassigned
24,doi:10.3390/ijms22042198,B,unassigned
25,doi:10.7554/elife.45853,A,unassigned
25,doi:10.7554/elife.45853,B,unassigned
26,doi:10.7554/elife.63093,A,unassigned
26,doi:10.7554/elife.63093,B,unassigned
27,doi:10.1002/advs.202517631,A,unassigned
27,doi:10.1002/advs.202517631,B,unassigned
28,doi:10.1002/ctm2.70581,A,unassigned
28,doi:10.1002/ctm2.70581,B,unassigned
29,doi:10.1002/glia.70141,A,unassigned
29,doi:10.1002/glia.70141,B,unassigned
30,doi:10.1016/j.isci.2025.113775,A,unassigned
30,doi:10.1016/j.isci.2025.113775,B,unassigned
31,doi:10.1016/j.isci.2026.115495,A,unassigned
31,doi:10.1016/j.isci.2026.115495,B,unassigned
32,doi:10.1016/j.jhepr.2026.101789,A,unassigned
32,doi:10.1016/j.jhepr.2026.101789,B,unassigned
33,doi:10.1038/s41467-021-26236-5,A,unassigned
33,doi:10.1038/s41467-021-26236-5,B,unassigned
34,doi:10.1038/s41467-026-71471-3,A,unassigned
34,doi:10.1038/s41467-026-71471-3,B,unassigned
35,doi:10.1038/s41586-025-09770-w,A,unassigned
35,doi:10.1038/s41586-025-09770-w,B,unassigned
36,doi:10.1038/s41598-019-49009-z,A,unassigned
36,doi:10.1038/s41598-019-49009-z,B,unassigned
37,doi:10.1126/sciadv.1602883,A,unassigned
37,doi:10.1126/sciadv.1602883,B,unassigned
38,doi:10.1158/0008-5472.can-25-0766,A,unassigned
38,doi:10.1158/0008-5472.can-25-0766,B,unassigned
39,doi:10.1172/jci200260,A,unassigned
39,doi:10.1172/jci200260,B,unassigned
40,doi:10.1186/s12885-026-16100-4,A,unassigned
40,doi:10.1186/s12885-026-16100-4,B,unassigned
41,doi:10.1186/s12943-017-0599-6,A,unassigned
41,doi:10.1186/s12943-017-0599-6,B,unassigned
42,doi:10.1186/s12943-026-02617-6,A,unassigned
42,doi:10.1186/s12943-026-02617-6,B,unassigned
43,doi:10.1186/s12974-026-03827-x,A,unassigned
43,doi:10.1186/s12974-026-03827-x,B,unassigned
44,doi:10.1371/journal.pone.0023554,A,unassigned
44,doi:10.1371/journal.pone.0023554,B,unassigned
45,doi:10.1371/journal.pone.0045877,A,unassigned
45,doi:10.1371/journal.pone.0045877,B,unassigned
46,doi:10.1371/journal.pone.0073063,A,unassigned
46,doi:10.1371/journal.pone.0073063,B,unassigned
47,doi:10.1371/journal.pone.0260800,A,unassigned
47,doi:10.1371/journal.pone.0260800,B,unassigned
48,doi:10.18632/aging.203054,A,unassigned
48,doi:10.18632/aging.203054,B,unassigned
49,doi:10.18632/oncotarget.5392,A,unassigned
49,doi:10.18632/oncotarget.5392,B,unassigned
50,doi:10.3389/fonc.2026.1764850,A,unassigned
50,doi:10.3389/fonc.2026.1764850,B,unassigned
51,doi:10.3892/ijmm.2016.2542,A,unassigned
51,doi:10.3892/ijmm.2016.2542,B,unassigned
52,doi:10.7150/ijbs.122142,A,unassigned
52,doi:10.7150/ijbs.122142,B,unassigned
53,doi:10.1002/cm.21369,A,unassigned
53,doi:10.1002/cm.21369,B,unassigned
54,doi:10.1016/j.bpj.2016.04.034,A,unassigned
54,doi:10.1016/j.bpj.2016.04.034,B,unassigned
55,doi:10.1016/j.isci.2019.04.021,A,unassigned
55,doi:10.1016/j.isci.2019.04.021,B,unassigned
56,doi:10.1016/j.stem.2020.10.018,A,unassigned
56,doi:10.1016/j.stem.2020.10.018,B,unassigned
57,doi:10.1038/ncb3134,A,unassigned
57,doi:10.1038/ncb3134,B,unassigned
58,doi:10.1038/ncomms12604,A,unassigned
58,doi:10.1038/ncomms12604,B,unassigned
59,doi:10.1038/ncomms7249,A,unassigned
59,doi:10.1038/ncomms7249,B,unassigned
60,doi:10.1038/s41420-026-03124-9,A,unassigned
60,doi:10.1038/s41420-026-03124-9,B,unassigned
61,doi:10.1038/s41467-025-56941-4,A,unassigned
61,doi:10.1038/s41467-025-56941-4,B,unassigned
62,doi:10.1038/s41467-026-68547-5,A,unassigned
62,doi:10.1038/s41467-026-68547-5,B,unassigned
63,doi:10.1038/s41556-020-0546-4,A,unassigned
63,doi:10.1038/s41556-020-0546-4,B,unassigned
64,doi:10.1038/s41556-025-01807-6,A,unassigned
64,doi:10.1038/s41556-025-01807-6,B,unassigned
65,doi:10.1038/s41598-021-00450-z,A,unassigned
65,doi:10.1038/s41598-021-00450-z,B,unassigned
66,doi:10.1038/s44318-024-00309-9,A,unassigned
66,doi:10.1038/s44318-024-00309-9,B,unassigned
67,doi:10.1038/srep27903,A,unassigned
67,doi:10.1038/srep27903,B,unassigned
68,doi:10.1039/d5ra03862f,A,unassigned
68,doi:10.1039/d5ra03862f,B,unassigned
69,doi:10.1083/jcb.201801122,A,unassigned
69,doi:10.1083/jcb.201801122,B,unassigned
70,doi:10.1091/mbc.e14-07-1229,A,unassigned
70,doi:10.1091/mbc.e14-07-1229,B,unassigned
71,doi:10.1091/mbc.e23-05-0163,A,unassigned
71,doi:10.1091/mbc.e23-05-0163,B,unassigned
72,doi:10.1111/imcb.12304,A,unassigned
72,doi:10.1111/imcb.12304,B,unassigned
73,doi:10.1186/s12951-020-00765-5,A,unassigned
73,doi:10.1186/s12951-020-00765-5,B,unassigned
74,doi:10.1242/jcs.263938,A,unassigned
74,doi:10.1242/jcs.263938,B,unassigned
75,doi:10.1371/journal.pbio.1002474,A,unassigned
75,doi:10.1371/journal.pbio.1002474,B,unassigned
76,doi:10.15252/msb.202110505,A,unassigned
76,doi:10.15252/msb.202110505,B,unassigned
77,doi:10.3390/cells10061545,A,unassigned
77,doi:10.3390/cells10061545,B,unassigned
78,doi:10.3390/ijms26157121,A,unassigned
78,doi:10.3390/ijms26157121,B,unassigned
79,doi:10.1002/sctm.19-0147,A,unassigned
79,doi:10.1002/sctm.19-0147,B,unassigned
80,doi:10.1016/j.celrep.2025.116355,A,unassigned
80,doi:10.1016/j.celrep.2025.116355,B,unassigned
81,doi:10.1016/j.mbm.2026.100178,A,unassigned
81,doi:10.1016/j.mbm.2026.100178,B,unassigned
82,doi:10.1038/ncb3592,A,unassigned
82,doi:10.1038/ncb3592,B,unassigned
83,doi:10.1038/ncomms11642,A,unassigned
83,doi:10.1038/ncomms11642,B,unassigned
84,doi:10.1038/s41467-017-00445-3,A,unassigned
84,doi:10.1038/s41467-017-00445-3,B,unassigned
85,doi:10.1038/s41467-017-00884-y,A,unassigned
85,doi:10.1038/s41467-017-00884-y,B,unassigned
86,doi:10.1038/s41467-017-01325-6,A,unassigned
86,doi:10.1038/s41467-017-01325-6,B,unassigned
87,doi:10.1038/s41467-019-10751-7,A,unassigned
87,doi:10.1038/s41467-019-10751-7,B,unassigned
88,doi:10.1038/s41467-021-26296-7,A,unassigned
88,doi:10.1038/s41467-021-26296-7,B,unassigned
89,doi:10.1038/s41467-021-27220-9,A,unassigned
89,doi:10.1038/s41467-021-27220-9,B,unassigned
90,doi:10.1038/s41467-025-57428-y,A,unassigned
90,doi:10.1038/s41467-025-57428-y,B,unassigned
91,doi:10.1038/s41467-025-65905-7,A,unassigned
91,doi:10.1038/s41467-025-65905-7,B,unassigned
92,doi:10.1038/s41467-025-67820-3,A,unassigned
92,doi:10.1038/s41467-025-67820-3,B,unassigned
93,doi:10.1038/s41563-019-0567-1,A,unassigned
93,doi:10.1038/s41563-019-0567-1,B,unassigned
94,doi:10.1038/s41586-026-10398-7,A,unassigned
94,doi:10.1038/s41586-026-10398-7,B,unassigned
95,doi:10.1038/s42003-026-09843-0,A,unassigned
95,doi:10.1038/s42003-026-09843-0,B,unassigned
96,doi:10.1038/srep31547,A,unassigned
96,doi:10.1038/srep31547,B,unassigned
97,doi:10.1083/jcb.201905228,A,unassigned
97,doi:10.1083/jcb.201905228,B,unassigned
98,doi:10.1083/jcb.201906204,A,unassigned
98,doi:10.1083/jcb.201906204,B,unassigned
99,doi:10.1182/bloodadvances.2025017995,A,unassigned
99,doi:10.1182/bloodadvances.2025017995,B,unassigned
100,doi:10.1371/journal.pone.0024847,A,unassigned
100,doi:10.1371/journal.pone.0024847,B,unassigned
101,doi:10.1371/journal.pone.0058703,A,unassigned
101,doi:10.1371/journal.pone.0058703,B,unassigned
102,doi:10.1371/journal.pone.0073499,A,unassigned
102,doi:10.1371/journal.pone.0073499,B,unassigned
103,doi:10.1371/journal.pone.0080532,A,unassigned
103,doi:10.1371/journal.pone.0080532,B,unassigned
104,doi:10.18632/oncotarget.13610,A,unassigned
104,doi:10.18632/oncotarget.13610,B,unassigned
105,doi:10.1002/advs.202503569,A,unassigned
105,doi:10.1002/advs.202503569,B,unassigned
106,doi:10.1002/advs.202513153,A,unassigned
106,doi:10.1002/advs.202513153,B,unassigned
107,doi:10.1016/j.cell.2017.07.038,A,unassigned
107,doi:10.1016/j.cell.2017.07.038,B,unassigned
108,doi:10.1016/j.devcel.2012.01.002,A,unassigned
108,doi:10.1016/j.devcel.2012.01.002,B,unassigned
109,doi:10.1016/j.isci.2026.114997,A,unassigned
109,doi:10.1016/j.isci.2026.114997,B,unassigned
110,doi:10.1016/j.stem.2018.09.008,A,unassigned
110,doi:10.1016/j.stem.2018.09.008,B,unassigned
111,doi:10.1038/ncb3492,A,unassigned
111,doi:10.1038/ncb3492,B,unassigned
112,doi:10.1038/ncb3559,A,unassigned
112,doi:10.1038/ncb3559,B,unassigned
113,doi:10.1038/ncomms11082,A,unassigned
113,doi:10.1038/ncomms11082,B,unassigned
114,doi:10.1038/s41467-017-01322-9,A,unassigned
114,doi:10.1038/s41467-017-01322-9,B,unassigned
115,doi:10.1038/s41467-020-15813-9,A,unassigned
115,doi:10.1038/s41467-020-15813-9,B,unassigned
116,doi:10.1038/s41467-021-22718-8,A,unassigned
116,doi:10.1038/s41467-021-22718-8,B,unassigned
117,doi:10.1038/s41467-026-70395-2,A,unassigned
117,doi:10.1038/s41467-026-70395-2,B,unassigned
118,doi:10.1038/s41586-018-0444-0,A,unassigned
118,doi:10.1038/s41586-018-0444-0,B,unassigned
119,doi:10.1038/s41598-019-43409-x,A,unassigned
119,doi:10.1038/s41598-019-43409-x,B,unassigned
120,doi:10.1038/s41598-019-50866-x,A,unassigned
120,doi:10.1038/s41598-019-50866-x,B,unassigned
121,doi:10.1038/s41598-024-70759-y,A,unassigned
121,doi:10.1038/s41598-024-70759-y,B,unassigned
122,doi:10.1083/jcb.201207066,A,unassigned
122,doi:10.1083/jcb.201207066,B,unassigned
123,doi:10.1091/mbc.e10-08-0671,A,unassigned
123,doi:10.1091/mbc.e10-08-0671,B,unassigned
124,doi:10.1126/sciadv.abe1969,A,unassigned
124,doi:10.1126/sciadv.abe1969,B,unassigned
125,doi:10.1186/1478-811x-11-80,A,unassigned
125,doi:10.1186/1478-811x-11-80,B,unassigned
126,doi:10.1186/1741-7007-12-6,A,unassigned
126,doi:10.1186/1741-7007-12-6,B,unassigned
127,doi:10.1242/bio.062356,A,unassigned
127,doi:10.1242/bio.062356,B,unassigned
128,doi:10.1242/jcs.264128,A,unassigned
128,doi:10.1242/jcs.264128,B,unassigned
129,doi:10.1371/journal.pone.0065105,A,unassigned
129,doi:10.1371/journal.pone.0065105,B,unassigned
130,doi:10.7150/thno.112299,A,unassigned
130,doi:10.7150/thno.112299,B,unassigned
131,doi:10.1007/s10753-025-02446-7,A,unassigned
131,doi:10.1007/s10753-025-02446-7,B,unassigned
132,doi:10.1038/ncomms15206,A,unassigned
132,doi:10.1038/ncomms15206,B,unassigned
133,doi:10.1038/s41467-017-00418-6,A,unassigned
133,doi:10.1038/s41467-017-00418-6,B,unassigned
134,doi:10.1038/s41467-018-06684-2,A,unassigned
134,doi:10.1038/s41467-018-06684-2,B,unassigned
135,doi:10.1038/s41467-019-09746-1,A,unassigned
135,doi:10.1038/s41467-019-09746-1,B,unassigned
136,doi:10.1038/s41467-019-11325-3,A,unassigned
136,doi:10.1038/s41467-019-11325-3,B,unassigned
137,doi:10.1038/s41598-019-46151-6,A,unassigned
137,doi:10.1038/s41598-019-46151-6,B,unassigned
138,doi:10.1038/s41598-025-27668-5,A,unassigned
138,doi:10.1038/s41598-025-27668-5,B,unassigned
139,doi:10.1083/jcb.202007152,A,unassigned
139,doi:10.1083/jcb.202007152,B,unassigned
140,doi:10.1083/jcb.202403005,A,unassigned
140,doi:10.1083/jcb.202403005,B,unassigned
141,doi:10.1101/gad.301549.117,A,unassigned
141,doi:10.1101/gad.301549.117,B,unassigned
142,doi:10.1113/jp272927,A,unassigned
142,doi:10.1113/jp272927,B,unassigned
143,doi:10.1128/mbio.01111-13,A,unassigned
143,doi:10.1128/mbio.01111-13,B,unassigned
144,doi:10.1161/atvbaha.123.320300,A,unassigned
144,doi:10.1161/atvbaha.123.320300,B,unassigned
145,doi:10.1186/s13023-025-03784-3,A,unassigned
145,doi:10.1186/s13023-025-03784-3,B,unassigned
146,doi:10.1186/s13287-019-1374-y,A,unassigned
146,doi:10.1186/s13287-019-1374-y,B,unassigned
147,doi:10.1371/journal.pone.0045237,A,unassigned
147,doi:10.1371/journal.pone.0045237,B,unassigned
148,doi:10.1371/journal.pone.0058859,A,unassigned
148,doi:10.1371/journal.pone.0058859,B,unassigned
149,doi:10.1371/journal.pone.0063794,A,unassigned
149,doi:10.1371/journal.pone.0063794,B,unassigned
150,doi:10.1371/journal.pone.0079919,A,unassigned
150,doi:10.1371/journal.pone.0079919,B,unassigned
151,doi:10.1371/journal.pone.0080677,A,unassigned
151,doi:10.1371/journal.pone.0080677,B,unassigned
152,doi:10.1371/journal.pone.0133392,A,unassigned
152,doi:10.1371/journal.pone.0133392,B,unassigned
153,doi:10.26508/lsa.202503599,A,unassigned
153,doi:10.26508/lsa.202503599,B,unassigned
154,doi:10.3389/fphys.2019.00224,A,unassigned
154,doi:10.3389/fphys.2019.00224,B,unassigned
155,doi:10.3390/cells14141088,A,unassigned
155,doi:10.3390/cells14141088,B,unassigned
156,doi:10.3390/toxins5050926,A,unassigned
156,doi:10.3390/toxins5050926,B,unassigned
157,doi:10.1002/advs.202524337,A,unassigned
157,doi:10.1002/advs.202524337,B,unassigned
158,doi:10.1002/smll.202504526,A,unassigned
158,doi:10.1002/smll.202504526,B,unassigned
159,doi:10.1007/s00438-026-02371-w,A,unassigned
159,doi:10.1007/s00438-026-02371-w,B,unassigned
160,doi:10.1016/j.jcmgh.2019.02.003,A,unassigned
160,doi:10.1016/j.jcmgh.2019.02.003,B,unassigned
161,doi:10.1038/bjc.2012.395,A,unassigned
161,doi:10.1038/bjc.2012.395,B,unassigned
162,doi:10.1038/ncomms9574,A,unassigned
162,doi:10.1038/ncomms9574,B,unassigned
163,doi:10.1038/s41467-019-12103-x,A,unassigned
163,doi:10.1038/s41467-019-12103-x,B,unassigned
164,doi:10.1038/s41531-019-0101-9,A,unassigned
164,doi:10.1038/s41531-019-0101-9,B,unassigned
165,doi:10.1038/s41598-019-51665-0,A,unassigned
165,doi:10.1038/s41598-019-51665-0,B,unassigned
166,doi:10.1038/s41598-021-85828-9,A,unassigned
166,doi:10.1038/s41598-021-85828-9,B,unassigned
167,doi:10.1038/s41598-026-35900-z,A,unassigned
167,doi:10.1038/s41598-026-35900-z,B,unassigned
168,doi:10.1038/srep00575,A,unassigned
168,doi:10.1038/srep00575,B,unassigned
169,doi:10.1038/srep15623,A,unassigned
169,doi:10.1038/srep15623,B,unassigned
170,doi:10.1038/srep32418,A,unassigned
170,doi:10.1038/srep32418,B,unassigned
171,doi:10.1186/s12967-025-07630-9,A,unassigned
171,doi:10.1186/s12967-025-07630-9,B,unassigned
172,doi:10.1186/s13395-015-0030-1,A,unassigned
172,doi:10.1186/s13395-015-0030-1,B,unassigned
173,doi:10.1186/s40478-017-0476-y,A,unassigned
173,doi:10.1186/s40478-017-0476-y,B,unassigned
174,doi:10.1186/s40478-019-0735-1,A,unassigned
174,doi:10.1186/s40478-019-0735-1,B,unassigned
175,doi:10.1186/scrt310,A,unassigned
175,doi:10.1186/scrt310,B,unassigned
176,doi:10.1371/journal.pone.0037695,A,unassigned
176,doi:10.1371/journal.pone.0037695,B,unassigned
177,doi:10.1371/journal.pone.0052530,A,unassigned
177,doi:10.1371/journal.pone.0052530,B,unassigned
178,doi:10.1371/journal.pone.0075997,A,unassigned
178,doi:10.1371/journal.pone.0075997,B,unassigned
179,doi:10.3389/fonc.2026.1817872,A,unassigned
179,doi:10.3389/fonc.2026.1817872,B,unassigned
180,doi:10.3389/fpls.2021.737690,A,unassigned
180,doi:10.3389/fpls.2021.737690,B,unassigned
181,doi:10.3390/ijms27073259,A,unassigned
181,doi:10.3390/ijms27073259,B,unassigned
182,doi:10.3390/mi7100186,A,unassigned
182,doi:10.3390/mi7100186,B,unassigned
183,doi:10.1002/advs.202413443,A,unassigned
183,doi:10.1002/advs.202413443,B,unassigned
184,doi:10.1002/advs.202507160,A,unassigned
184,doi:10.1002/advs.202507160,B,unassigned
185,doi:10.1002/advs.202516423,A,unassigned
185,doi:10.1002/advs.202516423,B,unassigned
186,doi:10.1007/s10558-009-9089-9,A,unassigned
186,doi:10.1007/s10558-009-9089-9,B,unassigned
187,doi:10.1016/j.isci.2020.100907,A,unassigned
187,doi:10.1016/j.isci.2020.100907,B,unassigned
188,doi:10.1016/j.mtbio.2026.102883,A,unassigned
188,doi:10.1016/j.mtbio.2026.102883,B,unassigned
189,doi:10.1016/j.mtbio.2026.102985,A,unassigned
189,doi:10.1016/j.mtbio.2026.102985,B,unassigned
190,doi:10.1021/acsnano.8b06998,A,unassigned
190,doi:10.1021/acsnano.8b06998,B,unassigned
191,doi:10.1038/ncb2756,A,unassigned
191,doi:10.1038/ncb2756,B,unassigned
192,doi:10.1038/nm.4082,A,unassigned
192,doi:10.1038/nm.4082,B,unassigned
193,doi:10.1038/nn.4394,A,unassigned
193,doi:10.1038/nn.4394,B,unassigned
194,doi:10.1038/s41467-025-62270-3,A,unassigned
194,doi:10.1038/s41467-025-62270-3,B,unassigned
195,doi:10.1038/s41556-025-01773-z,A,unassigned
195,doi:10.1038/s41556-025-01773-z,B,unassigned
196,doi:10.1038/s41563-025-02463-9,A,unassigned
196,doi:10.1038/s41563-025-02463-9,B,unassigned
197,doi:10.1038/s41563-025-02473-7,A,unassigned
197,doi:10.1038/s41563-025-02473-7,B,unassigned
198,doi:10.1038/s42003-019-0514-3,A,unassigned
198,doi:10.1038/s42003-019-0514-3,B,unassigned
199,doi:10.1038/srep08499,A,unassigned
199,doi:10.1038/srep08499,B,unassigned
200,doi:10.1073/pnas.2521253123,A,unassigned
200,doi:10.1073/pnas.2521253123,B,unassigned
201,doi:10.1126/sciadv.abb8471,A,unassigned
201,doi:10.1126/sciadv.abb8471,B,unassigned
202,doi:10.1155/2019/5150634,A,unassigned
202,doi:10.1155/2019/5150634,B,unassigned
203,doi:10.1242/bio.201410132,A,unassigned
203,doi:10.1242/bio.201410132,B,unassigned
204,doi:10.1371/journal.pone.0053702,A,unassigned
204,doi:10.1371/journal.pone.0053702,B,unassigned
205,doi:10.1371/journal.pone.0057706,A,unassigned
205,doi:10.1371/journal.pone.0057706,B,unassigned
206,doi:10.1371/journal.pone.0170312,A,unassigned
206,doi:10.1371/journal.pone.0170312,B,unassigned
207,doi:10.1371/journal.ppat.1003590,A,unassigned
207,doi:10.1371/journal.ppat.1003590,B,unassigned
208,doi:10.3390/gels11080642,A,unassigned
208,doi:10.3390/gels11080642,B,unassigned
209,doi:10.1002/advs.202502074,A,unassigned
209,doi:10.1002/advs.202502074,B,unassigned
210,doi:10.1007/s10544-009-9384-7,A,unassigned
210,doi:10.1007/s10544-009-9384-7,B,unassigned
211,doi:10.1016/j.isci.2025.112676,A,unassigned
211,doi:10.1016/j.isci.2025.112676,B,unassigned
212,doi:10.1038/ncb2859,A,unassigned
212,doi:10.1038/ncb2859,B,unassigned
213,doi:10.1038/ncomms13119,A,unassigned
213,doi:10.1038/ncomms13119,B,unassigned
214,doi:10.1038/ncomms14122,A,unassigned
214,doi:10.1038/ncomms14122,B,unassigned
215,doi:10.1038/s41598-019-42077-1,A,unassigned
215,doi:10.1038/s41598-019-42077-1,B,unassigned
216,doi:10.1038/s42003-026-10022-4,A,unassigned
216,doi:10.1038/s42003-026-10022-4,B,unassigned
217,doi:10.1038/srep36570,A,unassigned
217,doi:10.1038/srep36570,B,unassigned
218,doi:10.1073/pnas.2417290122,A,unassigned
218,doi:10.1073/pnas.2417290122,B,unassigned
219,doi:10.1093/nar/gkt245,A,unassigned
219,doi:10.1093/nar/gkt245,B,unassigned
220,doi:10.1128/mbio.03917-25,A,unassigned
220,doi:10.1128/mbio.03917-25,B,unassigned
221,doi:10.1161/jaha.119.013673,A,unassigned
221,doi:10.1161/jaha.119.013673,B,unassigned
222,doi:10.1186/s12860-025-00563-7,A,unassigned
222,doi:10.1186/s12860-025-00563-7,B,unassigned
223,doi:10.1186/s12935-019-1015-7,A,unassigned
223,doi:10.1186/s12935-019-1015-7,B,unassigned
224,doi:10.1186/s12935-026-04322-2,A,unassigned
224,doi:10.1186/s12935-026-04322-2,B,unassigned
225,doi:10.1242/bio.021378,A,unassigned
225,doi:10.1242/bio.021378,B,unassigned
226,doi:10.1371/journal.pone.0013847,A,unassigned
226,doi:10.1371/journal.pone.0013847,B,unassigned
227,doi:10.1371/journal.pone.0044806,A,unassigned
227,doi:10.1371/journal.pone.0044806,B,unassigned
228,doi:10.1371/journal.pone.0074923,A,unassigned
228,doi:10.1371/journal.pone.0074923,B,unassigned
229,doi:10.1371/journal.pone.0086110,A,unassigned
229,doi:10.1371/journal.pone.0086110,B,unassigned
230,doi:10.1371/journal.pone.0182825,A,unassigned
230,doi:10.1371/journal.pone.0182825,B,unassigned
231,doi:10.15252/embj.201899016,A,unassigned
231,doi:10.15252/embj.201899016,B,unassigned
232,doi:10.3389/fbioe.2020.00346,A,unassigned
232,doi:10.3389/fbioe.2020.00346,B,unassigned
233,doi:10.3389/fcell.2021.624089,A,unassigned
233,doi:10.3389/fcell.2021.624089,B,unassigned
234,doi:10.3390/cells7090136,A,unassigned
234,doi:10.3390/cells7090136,B,unassigned
235,doi:10.1002/advs.202401127,A,unassigned
235,doi:10.1002/advs.202401127,B,unassigned
236,doi:10.1016/j.cell.2020.03.052,A,unassigned
236,doi:10.1016/j.cell.2020.03.052,B,unassigned
237,doi:10.1016/j.jhepr.2020.100145,A,unassigned
237,doi:10.1016/j.jhepr.2020.100145,B,unassigned
238,doi:10.1016/j.xpro.2026.104632,A,unassigned
238,doi:10.1016/j.xpro.2026.104632,B,unassigned
239,doi:10.1038/ncb3605,A,unassigned
239,doi:10.1038/ncb3605,B,unassigned
240,doi:10.1038/ncomms8159,A,unassigned
240,doi:10.1038/ncomms8159,B,unassigned
241,doi:10.1038/s41467-026-71194-5,A,unassigned
241,doi:10.1038/s41467-026-71194-5,B,unassigned
242,doi:10.1038/s41556-025-01767-x,A,unassigned
242,doi:10.1038/s41556-025-01767-x,B,unassigned
243,doi:10.1038/s41586-026-10648-8,A,unassigned
243,doi:10.1038/s41586-026-10648-8,B,unassigned
244,doi:10.1038/s41598-018-29817-5,A,unassigned
244,doi:10.1038/s41598-018-29817-5,B,unassigned
245,doi:10.1038/s41598-019-52926-8,A,unassigned
245,doi:10.1038/s41598-019-52926-8,B,unassigned
246,doi:10.1038/s42003-020-01540-w,A,unassigned
246,doi:10.1038/s42003-020-01540-w,B,unassigned
247,doi:10.1038/s42003-025-09328-6,A,unassigned
247,doi:10.1038/s42003-025-09328-6,B,unassigned
248,doi:10.1038/s42255-025-01332-8,A,unassigned
248,doi:10.1038/s42255-025-01332-8,B,unassigned
249,doi:10.1038/srep23412,A,unassigned
249,doi:10.1038/srep23412,B,unassigned
250,doi:10.1080/19491034.2025.2486816,A,unassigned
250,doi:10.1080/19491034.2025.2486816,B,unassigned
251,doi:10.1083/jcb.201210152,A,unassigned
251,doi:10.1083/jcb.201210152,B,unassigned
252,doi:10.1083/jcb.201902057,A,unassigned
252,doi:10.1083/jcb.201902057,B,unassigned
253,doi:10.1093/nar/gkac234,A,unassigned
253,doi:10.1093/nar/gkac234,B,unassigned
254,doi:10.1096/fj.13-247635,A,unassigned
254,doi:10.1096/fj.13-247635,B,unassigned
255,doi:10.1126/sciadv.aba6505,A,unassigned
255,doi:10.1126/sciadv.aba6505,B,unassigned
256,doi:10.1186/s12964-026-02809-z,A,unassigned
256,doi:10.1186/s12964-026-02809-z,B,unassigned
257,doi:10.1242/bio.019703,A,unassigned
257,doi:10.1242/bio.019703,B,unassigned
258,doi:10.3390/cells8050427,A,unassigned
258,doi:10.3390/cells8050427,B,unassigned
259,doi:10.34133/research.1121,A,unassigned
259,doi:10.34133/research.1121,B,unassigned
260,doi:10.7554/elife.18207,A,unassigned
260,doi:10.7554/elife.18207,B,unassigned
261,doi:10.1002/advs.202413376,A,unassigned
261,doi:10.1002/advs.202413376,B,unassigned
262,doi:10.1007/s00125-026-06683-9,A,unassigned
262,doi:10.1007/s00125-026-06683-9,B,unassigned
263,doi:10.1038/s41422-025-01217-1,A,unassigned
263,doi:10.1038/s41422-025-01217-1,B,unassigned
264,doi:10.1038/s41467-024-48086-7,A,unassigned
264,doi:10.1038/s41467-024-48086-7,B,unassigned
265,doi:10.1038/s41467-025-61787-x,A,unassigned
265,doi:10.1038/s41467-025-61787-x,B,unassigned
266,doi:10.1038/s41556-025-01820-9,A,unassigned
266,doi:10.1038/s41556-025-01820-9,B,unassigned
267,doi:10.1063/5.0111581,A,unassigned
267,doi:10.1063/5.0111581,B,unassigned
268,doi:10.1073/pnas.2217019121,A,unassigned
268,doi:10.1073/pnas.2217019121,B,unassigned
269,doi:10.1093/nsr/nwag099,A,unassigned
269,doi:10.1093/nsr/nwag099,B,unassigned
270,doi:10.1093/stmcls/sxag009,A,unassigned
270,doi:10.1093/stmcls/sxag009,B,unassigned
271,doi:10.1111/cpr.13746,A,unassigned
271,doi:10.1111/cpr.13746,B,unassigned
272,doi:10.1111/cpr.70121,A,unassigned
272,doi:10.1111/cpr.70121,B,unassigned
273,doi:10.1126/sciadv.abn5390,A,unassigned
273,doi:10.1126/sciadv.abn5390,B,unassigned
274,doi:10.1126/sciadv.ads6132,A,unassigned
274,doi:10.1126/sciadv.ads6132,B,unassigned
275,doi:10.1126/sciadv.aed9613,A,unassigned
275,doi:10.1126/sciadv.aed9613,B,unassigned
276,doi:10.1242/jcs.263637,A,unassigned
276,doi:10.1242/jcs.263637,B,unassigned
277,doi:10.26508/lsa.202503602,A,unassigned
277,doi:10.26508/lsa.202503602,B,unassigned
278,doi:10.3390/antiox14020137,A,unassigned
278,doi:10.3390/antiox14020137,B,unassigned
279,doi:10.3390/biomedicines14030633,A,unassigned
279,doi:10.3390/biomedicines14030633,B,unassigned
280,doi:10.34133/research.1077,A,unassigned
280,doi:10.34133/research.1077,B,unassigned
281,doi:10.1002/glia.24156,A,unassigned
281,doi:10.1002/glia.24156,B,unassigned
282,doi:10.1016/j.isci.2021.103482,A,unassigned
282,doi:10.1016/j.isci.2021.103482,B,unassigned
283,doi:10.1016/j.jbc.2024.107335,A,unassigned
283,doi:10.1016/j.jbc.2024.107335,B,unassigned
284,doi:10.1016/j.tox.2011.12.002,A,unassigned
284,doi:10.1016/j.tox.2011.12.002,B,unassigned
285,doi:10.1016/j.xjidi.2025.100357,A,unassigned
285,doi:10.1016/j.xjidi.2025.100357,B,unassigned
286,doi:10.1038/hortres.2017.43,A,unassigned
286,doi:10.1038/hortres.2017.43,B,unassigned
287,doi:10.1038/s41467-017-00401-1,A,unassigned
287,doi:10.1038/s41467-017-00401-1,B,unassigned
288,doi:10.1038/s41467-024-52543-8,A,unassigned
288,doi:10.1038/s41467-024-52543-8,B,unassigned
289,doi:10.1038/s41556-021-00700-2,A,unassigned
289,doi:10.1038/s41556-021-00700-2,B,unassigned
290,doi:10.1038/s41564-021-01003-w,A,unassigned
290,doi:10.1038/s41564-021-01003-w,B,unassigned
291,doi:10.1038/s41598-017-08742-z,A,unassigned
291,doi:10.1038/s41598-017-08742-z,B,unassigned
292,doi:10.1111/jcmm.15076,A,unassigned
292,doi:10.1111/jcmm.15076,B,unassigned
293,doi:10.1113/jp289215,A,unassigned
293,doi:10.1113/jp289215,B,unassigned
294,doi:10.1126/sciadv.aea7025,A,unassigned
294,doi:10.1126/sciadv.aea7025,B,unassigned
295,doi:10.1186/1471-2121-14-16,A,unassigned
295,doi:10.1186/1471-2121-14-16,B,unassigned
296,doi:10.1186/s13062-021-00316-4,A,unassigned
296,doi:10.1186/s13062-021-00316-4,B,unassigned
297,doi:10.1371/journal.pntd.0014141,A,unassigned
297,doi:10.1371/journal.pntd.0014141,B,unassigned
298,doi:10.1371/journal.pone.0181703,A,unassigned
298,doi:10.1371/journal.pone.0181703,B,unassigned
299,doi:10.3390/ijms160714318,A,unassigned
299,doi:10.3390/ijms160714318,B,unassigned
300,doi:10.3390/ijms26094221,A,unassigned
300,doi:10.3390/ijms26094221,B,unassigned
